{
  "project_info": {
    "project_number": "330459636723",
    "project_id": "pr20-farukova-pr21101",
    "storage_bucket": "pr20-farukova-pr21101.appspot.com"
  },
  "client": [
    {
      "client_info": {
        "mobilesdk_app_id": "1:330459636723:android:7b3197f0a81af1e941e886",
        "android_client_info": {
          "package_name": "com.example.pr20_farukova_pr21101"
        }
      },
      "oauth_client": [],
      "api_key": [
        {
          "current_key": "AIzaSyBqVTjhZAXCGSy-0TNU5M8BVWD6hxs0oMI"
        }
      ],
      "services": {
        "appinvite_service": {
          "other_platform_oauth_client": []
        }
      }
    }
  ],
  "configuration_version": "1"
}